Size(N),Experiment Height(h),Log of Size,Sqrt of Size
10,3.9,2.151762203259462,2.932575659723036
11,4.4,2.3978952727983707,3.3166247903554
12,4.6,2.4849066497880004,3.4641016151377544
13,4.7,2.517696472610991,3.521363372331802
14,5.1,2.653241964607215,3.7682887362833544
15,4.8,2.653241964607215,3.7682887362833544
16,5.6,2.760009940032921,3.9749213828703582
17,5.3,2.772588722239781,4.0
18,6.0,2.8903717578961645,4.242640687119285
19,6.4,2.9338568698359038,4.33589667773576
20,6.3,2.9652730660692823,4.404543109109048
21,5.9,2.954910279033736,4.381780460041329
22,6.3,2.9856819377004897,4.449719092257398
23,6.0,3.054001181677967,4.604345773288535
24,6.6,3.1780538303479458,4.898979485566356
25,7.0,3.3105430133940246,5.2345009313209605
26,7.2,3.2188758248682006,5.0
27,6.9,3.265759410767051,5.118593556827891
28,7.8,3.3603753871419,5.366563145999495
29,7.6,3.3250360206965914,5.272570530585627
30,7.1,3.367295829986474,5.385164807134504
31,7.6,3.4657359027997265,5.656854249492381
32,7.8,3.4531571205928664,5.621387729022079
33,7.7,3.380994674344636,5.422176684690384
34,7.7,3.502549875922443,5.761944116355173
35,7.5,3.5263605246161616,5.830951894845301
36,7.8,3.616308761279101,6.099180272790763
37,7.8,3.648057459593681,6.196773353931867
38,8.3,3.6375861597263857,6.164414002968976
39,7.9,3.632309102625542,6.148170459575759
40,7.7,3.648057459593681,6.196773353931867
41,8.5,3.713572066704308,6.4031242374328485
42,8.3,3.756538102587751,6.54217089351845
43,8.3,3.742420221041966,6.496152707564686
44,8.3,3.756538102587751,6.54217089351845
45,9.3,3.8066624897703196,6.708203932499369
46,8.8,3.7796338173824005,6.618156843109719
47,8.9,3.8372994592322094,6.81175454637056
48,9.0,3.879499813722586,6.957010852370434
49,8.7,3.8543938925915096,6.870225614927067
50,9.0,3.9435216724875173,7.183313998427188
51,9.0,3.899950424193877,7.0285133563222315
52,8.8,3.955082494888593,7.224956747275377
53,9.0,3.9435216724875173,7.183313998427188
54,9.5,4.021773869387265,7.469939758793239
55,8.9,3.9512437185814275,7.211102550927978
56,9.8,4.039536325727106,7.536577472566709
57,9.1,4.01096295328305,7.429670248402684
58,9.7,4.074141854904581,7.6681158050723255
59,9.1,4.036008985209137,7.523297149521611
60,10.0,4.014579593753238,7.443117626371358
61,9.7,4.11414718951828,7.8230428862431785
62,10.5,4.139955073474153,7.92464510246358
63,9.6,4.0943445622221,7.745966692414834
64,9.4,4.104294893075269,7.784600182411426
65,11.0,4.1713056033582285,8.049844718999243
66,9.7,4.204692619390966,8.18535277187245
67,9.6,4.1956970564823886,8.148619514985345
68,10.1,4.183575695950044,8.099382692526634
69,10.3,4.23410650459726,8.306623862918075
70,10.2,4.28496492183075,8.520563361656317
71,10.2,4.28771595520264,8.532291603080617
72,10.2,4.237000862623624,8.318653737234168
73,10.7,4.268297869345539,8.449852069711044
74,10.4,4.293195420967266,8.555699854482976
75,10.8,4.354141431184346,8.820430828479978
76,10.9,4.29592393562047,8.567379996241558
77,10.7,4.32280727501391,8.683317338436964
78,10.7,4.396915247167632,9.011104260855047
79,10.8,4.343805421853684,8.774964387392123
80,10.8,4.364371699435161,8.8656641037206
81,10.7,4.394449154672439,9.0
82,12.1,4.411585436915426,9.077444574328174
83,10.4,4.37197629882038,8.899438184514796
84,10.8,4.437934266612178,9.197825830053535
85,10.9,4.468204330914934,9.338094023943002
86,11.8,4.449685283147696,9.252026804976301
87,10.9,4.442651256490317,9.219544457292887
88,10.5,4.477336814478207,9.38083151964686
89,10.5,4.506454213048934,9.518403227432634
90,10.5,4.423648309364701,9.132360045464699
91,10.5,4.504244267398131,9.50789145920377
92,11.0,4.536891345234797,9.664367542679656
93,12.1,4.534747721691546,9.654014708917737
94,11.2,4.558078578454241,9.767292357659825
95,11.1,4.558078578454241,9.767292357659825
96,10.8,4.526126978647638,9.612491872558333
97,10.9,4.534747721691546,9.654014708917737
98,10.9,4.576770711466393,9.85900603509299
99,11.7,4.591071261608589,9.929753269845127
100,10.5,4.59511985013459,9.9498743710662
101,11.5,4.6210435351443815,10.079682534683322
102,10.8,4.642465970731788,10.188228501560022
103,10.4,4.674696248636701,10.353743284435827
104,10.9,4.628886712605407,10.119288512538814
105,10.9,4.646312129319266,10.207840124139876
106,10.9,4.636668853047462,10.158740079360236
107,10.7,4.678420647727684,10.373041983911952
108,10.5,4.663439094112067,10.295630140987
109,10.5,4.634728988229636,10.14889156509222
110,10.7,4.669083511731744,10.324727599312245
111,10.9,4.689511334421843,10.430723848324238
112,11.2,4.695010889987881,10.459445491994305
113,10.8,4.704110133842995,10.507140429250958
114,10.9,4.743191483885466,10.714476188783099
115,11.0,4.762173934797756,10.816653826391969
116,10.6,4.763881877142913,10.825894882179487
117,10.7,4.77912349311153,10.908712114635714
118,10.3,4.767289035464526,10.844353369380768
119,10.9,4.7808027546312495,10.917875251164945
120,10.9,4.774068722449905,10.881176406988354
121,10.8,4.836281906951478,11.224972160321824
122,10.9,4.842611042003125,11.260550608207398
123,10.8,4.812184355372417,11.090536506409418
124,11.1,4.845760650906022,11.278297743897348
125,10.9,4.8346933442663405,11.216059914247962
126,10.5,4.817050545023591,11.117553687749837
127,11.2,4.845760650906022,11.278297743897348
128,10.8,4.83150862819882,11.198214143335536
129,11.0,4.861361591348501,11.366617790706258
130,11.5,4.847331743138063,11.28716084761797
131,10.8,4.86599480426999,11.392980294900891
132,10.8,4.9037921984782065,11.610340218959994
133,10.8,4.873669439023098,11.436782764396638
134,11.4,4.9037921984782065,11.610340218959994
135,12.0,4.918520005188451,11.696153213770756
136,10.9,4.890349128221754,11.532562594670797
137,11.1,4.933034048072704,11.781341180018513
138,11.0,4.9082333604781745,11.636150566231086
139,11.2,4.94021282979971,11.823705003085962
140,11.2,4.924350925499243,11.730302638892145
141,11.7,4.976733742420574,12.041594578792296
142,11.4,4.9849755473156785,12.091319200153471
143,11.0,4.955827057601261,11.916375287812984
144,10.8,4.950177325059141,11.882760622010357
145,11.9,4.969813299576001,12.0
146,11.5,4.991792206294776,12.13260071048248
147,11.2,4.998562712861986,12.17374223482656
148,11.6,5.025195445427586,12.336936410632909
149,11.7,5.007965065540377,12.231107881136523
150,11.8,4.997212273764115,12.165525060596439
151,11.7,5.018603463745433,12.296340919151518
152,11.4,5.006627272698717,12.222929272478018
153,12.0,5.040841136153322,12.433824833895642
154,11.5,5.042133961155627,12.441864811996632
155,11.6,5.027820118850356,12.353137253345807
156,11.1,5.0689042022202315,12.609520212918492
157,11.7,5.062595033026967,12.569805089976535
158,12.2,5.02256386496153,12.320714265009151
159,11.8,5.027820118850356,12.353137253345807
160,11.9,5.081404364984463,12.68857754044952
161,11.5,5.039546637590676,12.425779653607254
162,12.0,5.10594547390058,12.84523257866513
163,11.8,5.10230248262208,12.821856339859686
164,12.2,5.09252245356844,12.759310326189265
165,12.7,5.101085197018328,12.814054783713077
166,12.2,5.113191882421348,12.891857895586655
167,12.0,5.110782242701195,12.876334882255899
168,11.8,5.138148614395216,13.053735097664577
169,12.2,5.121580188047982,12.946041866145807
170,11.9,5.168208681201016,13.251415018781957
171,12.6,5.168208681201016,13.251415018781957
172,12.7,5.139321635057579,13.061393493804557
173,12.8,5.1428324637076415,13.0843417870369
174,12.2,5.176149732573829,13.30413469565007
175,12.8,5.160204064418402,13.198484761517134
176,12.0,5.196284640982885,13.438749941865872
177,12.5,5.168208681201016,13.251415018781957
178,12.4,5.163642463221435,13.221195104830729
179,12.3,5.169346985251076,13.258959235173778
180,12.9,5.21057845224003,13.535139452550904
181,12.6,5.19184512203752,13.408952233489387
182,13.1,5.201806466167193,13.475904422338413
183,12.5,5.201806466167193,13.475904422338413
184,12.9,5.196284640982885,13.438749941865872
185,12.5,5.201806466167193,13.475904422338413
186,12.4,5.256453162449338,13.849187701811251
187,13.1,5.228967288413243,13.660161053223348
188,13.8,5.280153395920365,14.01427843308388
189,13.5,5.267858159063328,13.92838827718412
190,13.1,5.251225759014186,13.813037319865606
191,13.2,5.27709373009641,13.992855319769443
192,13.1,5.2428046566177775,13.754999091239519
193,13.4,5.2332453698043215,13.689411966918083
194,13.0,5.276071757600717,13.98570698963767
195,13.4,5.251225759014186,13.813037319865606
196,13.3,5.297316866214453,14.135062787267696
197,14.4,5.261653382176445,13.885243966167826
198,12.7,5.288267030694535,14.071247279470288
199,12.9,5.306285536197214,14.198591479439079
200,12.9,5.295312857527738,14.120906486483083
201,13.2,5.315174483614459,14.261837188805655
202,13.8,5.308267697401205,14.212670403551895
203,13.6,5.3171391207886245,14.27585373979434
204,13.5,5.306285536197214,14.198591479439079
205,13.9,5.319099905730565,14.289856542317
206,13.8,5.321056853517526,14.303845636750978
207,14.2,5.309257306586371,14.219704638282751
208,13.5,5.32593253358101,14.338758663147937
209,13.6,5.32884657158286,14.359665734271115
210,13.7,5.32593253358101,14.338758663147937
211,13.6,5.3612921657094255,14.594519519326424
212,13.5,5.329816033607408,14.366627996854376
213,14.3,5.375278407684165,14.696938456699069
214,13.7,5.365040998590945,14.621901381147392
215,14.6,5.38541207339897,14.771594362153328
216,13.8,5.365976015021851,14.628738838327793
217,14.7,5.40357787720553,14.906374475371265
218,14.1,5.3908965478411295,14.812157169028419
219,13.9,5.389984555073861,14.805404418657398
220,14.7,5.4107527958778245,14.959946523968593
221,14.4,5.408068230507156,14.939879517586478
222,14.7,5.4240685718535975,15.05988047761336
223,13.7,5.409858741280944,14.953260514014994
224,13.9,5.4125385106380595,14.973309587395834
225,14.0,5.404477562376427,14.913081505845799
226,14.5,5.417876601605676,15.013327412669051
227,13.7,5.4169888962655355,15.006665185843255
228,14.2,5.444147814759576,15.211837495845135
229,15.3,5.435467204695271,15.145956556124146
230,14.1,5.454466049037968,15.290519938837921
231,14.4,5.430222437427975,15.106290080625355
232,14.4,5.432848259505643,15.12613632095123
233,14.2,5.460436216024472,15.336231610144651
234,14.3,5.466370951544286,15.381807436059
235,14.6,5.473949935191195,15.440207252495027
236,14.5,5.47058858748849,15.414279094398154
237,15.1,5.453610250954072,15.28397853963424
238,14.3,5.44673737166631,15.231546211727817
239,14.5,5.474788509663815,15.446682491719702
240,14.6,5.471429984256681,15.42076522096099
241,14.2,5.474788509663815,15.446682491719702
242,15.3,5.479805242593414,15.485477067239485
243,14.8,5.478970866241294,15.479018056711478
244,14.6,5.4988062272974405,15.633297796690243
245,14.8,5.4823042026610525,15.504837954651444
246,13.9,5.480638923341991,15.491933384829668
247,14.5,5.49141399650995,15.57562197795003
248,14.7,5.527840524826286,15.861904047118681
249,14.4,5.499624223253072,15.639693091617879
250,14.4,5.5310151306670585,15.8871016865884
251,15.7,5.5302224235308195,15.880806024884253
252,15.0,5.515845179076611,15.767054258801801
253,15.0,5.526249434594043,15.84929020492716
254,15.1,5.519058033245936,15.792403236999744
255,15.0,5.536546555280287,15.931101656822104
256,15.4,5.540478923698008,15.962455951387932
257,14.3,5.556055562626746,16.087262041752165
258,14.5,5.519058033245936,15.792403236999744
259,15.1,5.573673789309181,16.229602582934678
260,15.8,5.546738725046515,16.012495120998476
261,15.3,5.559141984829935,16.112107248898266
262,15.9,5.5706319618686955,16.20493751916372
263,15.2,5.5706319618686955,16.20493751916372
264,15.0,5.562218910334414,16.136914203155445
265,15.0,5.58799744166249,16.34625339336204
266,16.3,5.58799744166249,16.34625339336204
267,15.2,5.593223284089137,16.389020715100706
268,14.7,5.575191240283214,16.241921068642096
269,15.6,5.60138054103812,16.45600194457937
270,16.1,5.58724865840025,16.34013463836819
271,15.2,5.603593747400769,16.47422228816887
272,15.8,5.600641715736688,16.44992401198255
273,16.4,5.604330395684541,16.480291259562133
274,15.6,5.612397912854348,16.546903033498445
275,16.0,5.592478405097527,16.382917933017914
276,15.9,5.610204127696635,16.52876280911551
277,15.2,5.589493328254074,16.358484037342826
278,16.0,5.63906615993651,16.769019053003667
279,15.2,5.619675965359201,16.607227342335023
280,15.3,5.616043560348194,16.57709262808168
281,15.6,5.639777144680289,16.774981371077583
282,16.1,5.642616039418714,16.798809481626964
283,15.5,5.651787179537821,16.87601848778319
284,15.2,5.674010316322531,17.064583206161235
285,15.3,5.641907070938114,16.792855623746664
286,15.2,5.648269764725942,16.84636459299157
287,15.7,5.667809814197383,17.01176063786462
288,16.1,5.625460507880731,16.655329477377503
289,15.5,5.665734407018671,16.994116628998402
290,16.3,5.655292265495767,16.90562036720333
291,16.0,5.662265794453267,16.964669168598604
292,16.1,5.659482215759621,16.941074346097416
293,16.0,5.680172609017068,17.11724276862369
294,16.5,5.682899263739777,17.140595088852663
295,16.4,5.6842598081673374,17.15225932639779
296,16.0,5.682899263739777,17.140595088852663
297,15.6,5.697764402330638,17.268468374467957
298,16.2,5.69910488510509,17.28004629623428
299,15.6,5.699774453258662,17.28583234906552
300,15.7,5.709764546333749,17.372391890583174
301,16.8,5.7196558238124915,17.458522274236156
302,15.8,5.720967299410302,17.469974241537965
303,16.4,5.709101636133801,17.36663467687393
304,15.9,5.705780477318874,17.337819932159867
305,16.2,5.712411801354255,17.395401691251628
306,16.0,5.736572297479192,17.60681686165901
307,16.2,5.717685379825192,17.44133022449836
308,16.3,5.731397641689174,17.561321134812154
309,15.8,5.720311776607412,17.46424919657298
310,15.6,5.746203190540153,17.69180601295413
311,15.6,5.738505910714586,17.623847480048163
312,16.9,5.750029725821521,17.725687574816384
313,17.1,5.748755840298932,17.714400921284355
314,17.6,5.768945800562614,17.894133116750865
315,16.3,5.7430031878094825,17.663521732655695
316,15.9,5.7481182884762525,17.708754896942924
317,16.4,5.7430031878094825,17.663521732655695
318,15.9,5.726196069493101,17.515707236649053
319,16.4,5.729450221404779,17.544229820656135
320,16.8,5.75890177387728,17.804493814764857
321,17.4,5.757639147446912,17.793257149830662
322,16.1,5.765191102784844,17.86057109949175
323,16.0,5.780743515792329,18.0
324,16.4,5.788123623089952,18.066543665017942
325,16.7,5.785055194784937,18.038846969803807
326,15.9,5.781360609301576,18.005554698481244
327,16.4,5.784440377673656,18.033302526159762
328,16.9,5.794232377578273,18.121810064118872
329,16.4,5.794841205603168,18.127327436773463
330,16.5,5.790571604728592,18.088670487352022
331,17.1,5.802118375377063,18.193405398660254
332,15.4,5.805134968916488,18.2208671582886
333,17.6,5.809342970316694,18.259244234085923
334,15.7,5.801513963149536,18.18790807102345
335,16.2,5.802118375377063,18.193405398660254
336,16.1,5.8224540043737,18.379336223052235
337,16.3,5.82600010738045,18.411952639521967
338,16.8,5.814727368607928,18.308467986153293
339,17.0,5.841803772553575,18.558017135459274
340,15.7,5.811739616161293,18.281137820168635
341,16.8,5.815323849389109,18.313929125122222
342,16.7,5.831882477283517,18.466185312619388
343,17.3,5.850476853807004,18.63866948041088
344,17.1,5.840641657373398,18.547236990991408
345,16.8,5.838895948463375,18.5310550158376
346,16.6,5.860216260498028,18.72965562950905
347,17.1,5.851627601920183,18.649396773086256
348,17.6,5.85678964378138,18.69759342803239
349,17.1,5.868166330763488,18.804254837669053
350,16.4,5.849324779946859,18.627936010197157
351,17.1,5.8805329864007,18.920887928424502
352,17.6,5.851627601920183,18.649396773086256
353,17.6,5.857933154483459,18.708286933869708
354,16.6,5.870426218730926,18.825514601200148
355,17.2,5.861355861760962,18.740330840195966
356,17.4,5.8794150432993595,18.9103146457165
357,17.7,5.887214525734183,18.984203960134856
358,16.4,5.8944028342648505,19.05255888325765
359,16.7,5.869296913133774,18.81488772222678
360,18.0,5.878855602725328,18.905025786811294
361,17.2,5.875492370855561,18.873261509341727
362,16.9,5.88943182154283,19.00526242912736
363,17.3,5.8805329864007,18.920887928424502
364,17.3,5.879974171074619,18.915602025840997
365,16.7,5.877735781779639,18.894443627691185
366,18.0,5.899349258200177,19.099738218101315
367,17.6,5.9048167403823095,19.15202339179858
368,18.3,5.912962318953024,19.23018460649819
369,18.2,5.908626268798978,19.188538245525635
370,17.2,5.906451172781026,19.16768113257313
371,17.6,5.916202062607435,19.261360284258224
372,16.5,5.921578419643816,19.313207915827967
373,17.3,5.922114468973189,19.3183850256692
374,17.6,5.929589143389895,19.390719429665317
375,17.5,5.925858790009988,19.354586019855862
376,17.4,5.935951837177723,19.452506265260524
377,17.9,5.931714542702208,19.411336893681487
378,18.0,5.93330563293445,19.426785632214095
379,17.8,5.9327755507593025,19.421637418096342
380,17.6,5.9568731023383625,19.657059800488984
381,18.0,5.937008361311923,19.462785001124583
382,16.9,5.956355369994414,19.651971911235776
383,17.4,5.957907763579139,19.667231630303235
384,17.0,5.96409335031185,19.72815247305231
385,18.1,5.955837369464831,19.6468827043885
386,17.5,5.9615206707349095,19.702791680368545
387,17.3,5.9417489548620495,19.50897229481861
388,18.0,5.976350909297934,19.849433241279208
389,18.0,5.978885764901122,19.87460691435179
390,17.9,5.957907763579139,19.667231630303235
391,17.3,5.971771913762246,19.804039991880444
392,17.6,5.983936280687191,19.924858845171276
393,17.3,5.998936561946683,20.074859899884732
394,17.7,5.951683677096137,19.60612149304395
395,17.8,6.003887067106539,20.12461179749811
396,17.4,5.971261839790462,19.79898987322333
397,17.5,5.971261839790462,19.79898987322333
398,17.9,5.992963423231718,20.014994379214798
399,18.1,5.981919134264451,19.904773296875298
400,18.2,5.999432716757159,20.079840636817814
401,17.6,6.0127366823835215,20.21385663350762
402,17.7,6.004380772374528,20.12958022413781
403,18.7,6.022963214167353,20.31748015872047
404,17.6,6.008813185442595,20.174241001832016
405,18.3,6.000424288479454,20.089798406156294
406,18.8,6.004380772374528,20.12958022413781
407,18.4,6.0239317372454835,20.32732151563506
408,17.4,6.015181073725298,20.23857702507763
409,17.9,6.031646336740814,20.405881505095532
410,17.8,5.983432375410718,19.91983935678197
411,18.0,6.014204034077471,20.228692493584454
412,18.3,6.01224708629051,20.208908926510603
413,18.7,6.021023349349527,20.29778313018444
414,17.4,6.01224708629051,20.208908926510603
415,17.8,6.0364379127507135,20.454828280872952
416,18.4,6.0407307884109,20.498780451529306
417,19.0,6.015181073725298,20.23857702507763
418,17.5,6.0407307884109,20.498780451529306
419,17.2,6.050205042130582,20.59611613872868
420,18.6,6.0330862217988015,20.42057785666214
421,18.8,6.037393478996382,20.464603587658374
422,18.9,6.05818817915089,20.67849124090053
423,19.2,6.0454791354142206,20.547505931377657
424,18.6,6.04310778025982,20.523157651784484
425,18.0,6.052089168924417,20.615528128088304
426,18.7,6.037870919922137,20.46948949045872
427,19.0,6.06425021683363,20.741263220932325
428,18.1,6.054439346269371,20.639767440550294
429,18.2,6.06331998420841,20.731618364228105
430,17.6,6.0674992333839795,20.774984957876626
431,17.8,6.067035733955056,20.770170918892315
432,18.1,6.073505257444191,20.837466256721328
433,18.6,6.096274911460327,21.076052761368768
434,18.0,6.048789613727251,20.581545131500697
435,18.7,6.066108090103747,20.760539492026695
436,18.8,6.0867747269123065,20.97617696340303
437,18.8,6.09807428216624,21.095023109728988
438,18.7,6.073505257444191,20.837466256721328
439,17.8,6.081762185088762,20.923670806051216
440,18.8,6.105685691198005,21.17545749210628
441,18.7,6.076265148800447,20.866240677227893
442,18.9,6.095374010498493,21.066561181170506
443,18.9,6.083587835983788,20.942779185198894
444,17.8,6.107468222864288,21.194338866782328
445,19.1,6.0994216886130745,21.109239683134017
446,18.2,6.095824562432225,21.071307505705477
447,18.6,6.102111067195046,21.13764414498456
448,18.2,6.120736882812121,21.335416564951338
449,18.8,6.109691928472632,21.2179169571379
450,17.5,6.087683404848525,20.985709423319477
451,18.8,6.113682179832232,21.2602916254693
452,18.3,6.118537629671458,21.31196846844514
453,18.6,6.115450526888973,21.279097725232617
454,18.8,6.111467339502679,21.236760581595302
455,19.6,6.119857761876381,21.32604042010612
456,18.5,6.122931309850288,21.358838919754042
457,17.5,6.12029741895095,21.330729007701542
458,18.7,6.121176153629639,21.340103092534488
459,18.4,6.143756357450241,21.582400237230335
460,18.8,6.135131896920395,21.4895323355349
461,17.8,6.133398042996649,21.470910553583888
462,18.9,6.135564891081739,21.494185260204677
463,19.0,6.147185422104758,21.619435700313733
464,19.5,6.137727054086234,21.517434791350013
465,19.3,6.164156554926094,21.803669415949233
466,18.6,6.136430317358168,21.50348808914498
467,19.0,6.1675164908883415,21.840329667841555
468,19.2,6.149749526073696,21.64717071582335
469,18.3,6.13599769784028,21.498837177856853
470,19.1,6.141176820336309,21.554581879498382
471,18.3,6.157826084323207,21.73476477903545
472,17.8,6.159095388491933,21.748563170931547
473,18.2,6.156978985585555,21.72556098240043
474,19.0,6.178773645412976,21.963606261267753
475,19.2,6.1501762382628025,21.651789764358973
476,19.6,6.170865175474273,21.876928486421487
477,19.3,6.1721180468012395,21.890637268019404
478,18.4,6.173369350405594,21.90433747000808
479,18.5,6.1637357680484355,21.79908254950194
480,17.8,6.160785291724685,21.766947420343534
481,19.2,6.171700597410915,21.88606862823929
482,17.9,6.193997144518067,22.13142562059661
483,18.6,6.1886747163956874,22.07260745811423
484,18.1,6.187442430349423,22.059011763902753
485,19.3,6.1812581187406375,21.990907211845535
486,18.7,6.1968513768329325,22.16303228351211
487,19.3,6.194405391104672,22.135943621178654
488,19.9,6.195221384622002,22.144976857066254
489,19.1,6.189085141191105,22.077137495608437
490,19.8,6.192771403813017,22.117866081518805
491,20.2,6.19154415882364,22.104298224553524
492,19.6,6.194813471094013,22.140460699813815
493,19.8,6.203749355087316,22.239604313026796
494,19.3,6.211402967473243,22.32487401980132
495,18.6,6.211402967473243,22.32487401980132
496,19.3,6.210198389933492,22.311432047271193
497,19.5,6.193180151008571,22.122386851332294
498,19.2,6.228116448446984,22.512218904408336
499,19.9,6.206575926724928,22.271057451320086
500,18.8,6.2336261042579535,22.57432169523594
501,18.9,6.220192476716092,22.423202269078338
502,19.3,6.203749355087316,22.239604313026796
503,19.1,6.234018491942015,22.578751072634642
504,19.8,6.232055012025913,22.556595487794695
505,20.4,6.248429646897702,22.74203157151973
506,18.4,6.23166185298802,22.552161758909055
507,19.2,6.2285110035911835,22.516660498395403
508,18.8,6.238324625039508,22.627416997969522
509,19.9,6.2422232654551655,22.67156809750927
510,19.6,6.238715173765425,22.631835983852483
511,19.0,6.234410725718371,22.58317958127243
512,19.3,6.235586504807383,22.596459899727655
513,19.5,6.241834084675783,22.66715685744465
514,19.5,6.2414447523757515,22.662744758744473
515,19.5,6.256901010612443,22.838563877792318
516,19.3,6.244166900663736,22.693611435820433
517,19.7,6.23519473203058,22.5920339943087
518,19.7,6.251903883165888,22.781571499789035
519,18.9,6.260728034035745,22.882307575941724
520,19.3,6.26415987725144,22.921605528409216
521,18.9,6.239495813929971,22.640671368137475
522,19.4,6.253828811575473,22.80350850198276
523,19.1,6.259581464064923,22.869193252058544
524,19.3,6.263398262591624,22.9128784747792
525,19.7,6.266441247062209,22.947766775876037
526,19.7,6.256517501499402,22.834184898962345
527,19.5,6.26985357264817,22.98695282111137
528,19.6,6.261109932073611,22.88667734731278
529,19.4,6.266441247062209,22.947766775876037
530,19.7,6.2675799831882975,22.960836221705865
531,19.6,6.264920912295781,22.93032926061028
532,19.0,6.285625585657472,23.16894473211933
533,19.4,6.272122004622799,23.01303978182804
534,19.9,6.285625585657472,23.16894473211933
535,20.7,6.280770300675861,23.112767034693185
536,19.1,6.275891326839091,23.05645245912736
537,19.8,6.276267478808919,23.06078923194087
538,18.8,6.269474999863032,22.98260211551338
539,19.4,6.297109319933935,23.302360395462088
540,20.1,6.288601778330518,23.20344801963708
541,20.4,6.279271611747914,23.095454098155333
542,19.6,6.300051580239659,23.336666428605437
543,19.8,6.289344444536209,23.212065827926647
544,20.3,6.301519470411488,23.353800547234275
545,19.4,6.277770673379832,23.078128173662613
546,18.8,6.298213682276988,23.31523107327054
547,19.9,6.3178864478756935,23.5457002444183
548,20.0,6.28711478920894,23.186202793903103
549,19.6,6.324358962381311,23.62202362203543
550,19.3,6.309918278226516,23.45207879911715
551,19.1,6.2904574107056295,23.224986544667793
552,20.4,6.310281848490474,23.456342425877057
553,20.3,6.309918278226516,23.45207879911715
554,19.5,6.330789852711601,23.6981011897578
555,19.4,6.296740927960714,23.29806858947754
556,20.0,6.310645286619134,23.46060527778429
557,20.8,6.327579577081353,23.660092983756424
558,20.4,6.309918278226516,23.45207879911715
559,20.4,6.334699578680012,23.74447304111001
560,19.5,6.3178864478756935,23.5457002444183
561,19.6,6.3139102994960545,23.498936146132234
562,20.1,6.32220610902021,23.5966099260042
563,19.7,6.341769244038871,23.82855429941145
564,20.4,6.330433663927782,23.69388106663828
565,20.0,6.339653587396416,23.803361107205006
566,19.9,6.336471686179032,23.765521244020714
567,19.3,6.335408798567896,23.75289456045305
568,19.5,6.324358962381311,23.62202362203543
569,19.4,6.329720905522696,23.68543856465402
570,20.4,6.352977767686964,23.96247065725903
571,19.3,6.3240004751933885,23.61778990506944
572,20.5,6.35402215420487,23.97498696558561
573,19.8,6.35193228928541,23.949947807876327
574,19.0,6.348089489796672,23.90397456491284
575,20.4,6.352280903547264,23.954122818421048
576,20.3,6.354717806406837,23.98332754227403
577,20.5,6.360611392542035,24.054105678657024
578,19.2,6.360611392542035,24.054105678657024
579,20.8,6.363717521010033,24.091492274244864
580,21.0,6.366814031311523,24.128820940941146
581,20.5,6.330433663927782,23.69388106663828
582,19.6,6.367157496882476,24.13296500639737
583,20.0,6.362683216487555,24.079036525575518
584,19.7,6.356801864125367,24.008331887076203
585,20.0,6.37570601876452,24.236336356801125
586,20.6,6.375365477300306,24.232209969377536
587,19.1,6.3835066348840055,24.331050121192877
588,20.5,6.385531610263777,24.355697485393435
589,19.7,6.373661028276792,24.21156748333325
590,21.3,6.3578422665081,24.020824298928627
591,20.5,6.376046444299722,24.240462041801102
592,20.3,6.396929655216146,24.49489742783178
593,20.3,6.382154369633992,24.314604664686613
594,19.7,6.370585679876545,24.17436658942691
595,20.3,6.3959291548825625,24.482646915723798
596,20.6,6.384519635139465,24.343376922686794
597,20.0,6.3965962663149085,24.49081460466352
598,20.4,6.392586905782009,24.441767530193065
599,20.7,6.379105070303594,24.277561656805652
600,21.2,6.396929655216146,24.49489742783178
601,20.4,6.401917196727186,24.55605831561735
602,20.6,6.409516770721618,24.649543606322613
603,19.1,6.3999251641959445,24.53161225847172
604,19.9,6.391246872080648,24.425396619093007
605,20.0,6.430364431302384,24.90783009416918
606,20.5,6.410174881966167,24.657656011875904
607,20.1,6.392921633818608,24.445858544956035
608,20.5,6.425193120489006,24.843510218968657
609,20.9,6.415424237852311,24.72245942457991
610,21.0,6.409845880482693,24.653600142778334
611,20.3,6.4105037752432645,24.661711213944585
612,20.6,6.429396845353648,24.89578277540194
613,19.6,6.411161237462871,24.669819618310953
614,20.8,6.414114479970247,24.706274506691614
615,19.5,6.402911726893694,24.5682722225231
616,20.1,6.427135497273212,24.867649667791284
617,21.0,6.422272462887942,24.807257002740144
618,20.6,6.431331081933479,24.919871588754223
619,20.8,6.437431598525476,24.99599967994879
620,21.1,6.432940092739179,24.939927826679853
621,20.7,6.436150368369428,24.979991993593593
622,20.1,6.435188367333237,24.96797949374358
623,20.7,6.429396845353648,24.89578277540194
624,21.3,6.425517112068059,24.847535089018386
625,20.8,6.437431598525476,24.99599967994879
626,20.9,6.453624998892692,25.199206336708304
627,20.5,6.4348674945565385,24.96397404260788
628,20.2,6.4492057997815175,25.14358765172544
629,21.4,6.443176906381466,25.067907770693587
630,21.5,6.446671747110961,25.111750237687534
631,20.0,6.447939576123892,25.12767398706056
632,20.0,6.446988855088883,25.115732121520963
633,20.8,6.44635453854367,25.107767722360343
634,20.9,6.462405237175058,25.310077044529123
635,20.8,6.458965046135599,25.26657871576601
636,20.6,6.456141514847992,25.23093339533835
637,20.8,6.4548840484767025,25.215074856125252
638,20.6,6.460530236625741,25.28635995947222
639,21.0,6.462405237175058,25.310077044529123
640,20.9,6.459904454377535,25.278449319529077
641,20.3,6.4586517138441435,25.262620608321697
642,20.2,6.455198563340122,25.219040425836983
643,20.9,6.472037127702952,25.43226297441893
644,20.6,6.460842980959799,25.29031435154573
645,20.2,6.480351263355219,25.538206671573477
646,21.7,6.472655365744282,25.440125785852555
647,19.7,6.470799503782602,25.41653005427767
648,21.2,6.471418507206885,25.424397731313125
649,21.5,6.471418507206885,25.424397731313125
650,20.5,6.475124502801203,25.47155275989275
651,21.0,6.474507789861521,25.463699652642777
652,20.4,6.48432984549698,25.58906016249913
653,21.2,6.47943087672789,25.526456863419178
654,21.2,6.474507789861521,25.463699652642777
655,21.1,6.487379558138218,25.628109567426154
656,21.0,6.478202375344883,25.51078203426935
657,20.9,6.496473285552407,25.744902408049636
658,20.9,6.488900933754956,25.647611974606914
659,21.2,6.49888437773914,25.775957790157864
660,21.0,6.498583308942647,25.772077913897437
661,20.7,6.490116369942264,25.663203229526903
662,21.4,6.491633590685444,25.682678987987217
663,20.6,6.500388363584376,25.795348417883407
664,21.0,6.512636462928117,25.953805116013335
665,21.4,6.48768401848461,25.632011235952593
666,20.6,6.491936758794481,25.6865723676788
667,20.7,6.508471029949054,25.899806949087477
668,21.2,6.497980899285874,25.76431640855235
669,21.2,6.502790045915623,25.826343140289914
670,20.8,6.506381788777226,25.87276560400917
671,20.8,6.501289670540389,25.80697580112788
672,21.3,6.501289670540389,25.80697580112788
673,20.7,6.500388363584376,25.795348417883407
674,20.5,6.5051859739859985,25.857300709857554
675,21.3,6.525909036472607,26.12661478263114
676,21.3,6.518261940383671,26.02690915187587
677,21.7,6.517671272912275,26.019223662515376
678,21.1,6.502190165873639,25.818597947990902
679,20.6,6.512339506726974,25.94995183039845
680,21.1,6.512933330972452,25.957657829627077
681,21.0,6.520915634997138,26.06146580681908
682,21.7,6.520915634997138,26.06146580681908
683,21.8,6.510555915291006,25.926820090400597
684,21.4,6.537271139769218,26.27546383986399
685,21.5,6.515305107951467,25.988458977015163
686,21.7,6.536401700502741,26.26404386228442
687,21.2,6.5355315046537745,26.252618916976648
688,20.3,6.524149505226866,26.1036395929763
689,21.6,6.547072313645866,26.404545063303022
690,20.9,6.542183734535649,26.34008352302627
691,21.8,6.53116913042435,26.195419446918578
692,21.4,6.544774782480128,26.374229846575616
693,21.1,6.547072313645866,26.404545063303022
694,21.1,6.5433361403099735,26.355265128622783
695,21.4,6.542471960506805,26.343879744638983
696,21.7,6.54534966033442,26.38181191654584
697,20.5,6.55250788703459,26.476404589747453
698,21.7,6.53116913042435,26.195419446918578
699,20.9,6.542760103427686,26.347675419285096
700,21.3,6.54965074223381,26.43860813280457
701,21.5,6.54534966033442,26.38181191654584
702,20.9,6.572841826824917,26.74696244435992
703,20.7,6.549936824341326,26.442390209661458
704,21.1,6.563573399290871,26.623298067669978
705,20.9,6.549078332372732,26.43104235553339
706,20.6,6.555072356312942,26.510375327407193
707,21.8,6.568639551415506,26.69082239272518
708,21.2,6.565264970035361,26.645825188948457
709,21.5,6.570042272924791,26.709548854295537
710,21.4,6.548505594670936,26.42347441196937
711,21.9,6.556210012863403,26.525459468216567
712,21.2,6.560747740445541,26.58571044753177
713,22.0,6.553933404025811,26.49528259898354
714,20.8,6.575354741730978,26.780589986032794
715,21.5,6.578417531261524,26.82163305990148
716,22.1,6.582302108843358,26.873779042032776
717,21.4,6.590301048196686,26.981475126464083
718,21.2,6.589751446643967,26.97406161481804
719,21.9,6.575912310744586,26.788057040405153
720,21.6,6.563008905908679,26.615784790233032
721,21.8,6.578417531261524,26.82163305990148
722,22.2,6.5773048746794185,26.806715576511795
723,21.1,6.578417531261524,26.82163305990148
724,22.4,6.59687281335992,27.07027890510181
725,21.5,6.592496438760121,27.011108825814613
726,21.5,6.581470968748414,26.862613424609304
727,21.1,6.580361706294128,26.847718711279736
728,21.7,6.588926477533519,26.962937525425527
729,21.5,6.587825458980236,26.9480982631428
730,21.6,6.593044534142437,27.018512172212592
731,22.2,6.591673732008658,27.0
732,21.6,6.591124884574463,26.99259157620846
733,21.6,6.6131157259628575,27.2910241654651
734,20.4,6.593592329280758,27.02591349057419
735,21.7,6.602316484941097,27.144060123717676
736,22.4,6.616600517051383,27.338617375427017
737,22.7,6.60773068333197,27.2176413379264
738,22.3,6.6009583426706735,27.12563363315224
739,21.9,6.598236511921182,27.08874304946614
740,22.2,6.608000625296087,27.2213151776324
741,21.1,6.606650186198215,27.202941017470888
742,21.3,6.618738983517219,27.367864366808018
743,21.5,6.620339837647787,27.389779115575212
744,22.0,6.602859225795668,27.151427218472328
745,22.0,6.597145701886651,27.073972741361768
746,21.6,6.626982614831291,27.48090245970827
747,21.7,6.613920987045158,27.302014577682723
748,21.8,6.61338421837956,27.294688127912362
749,21.7,6.619005970569933,27.371518043396865
750,22.3,6.63200177739563,27.54995462791182
751,23.0,6.616600517051383,27.338617375427017
752,21.3,6.63200177739563,27.54995462791182
753,21.7,6.625127080833035,27.45541840875859
754,21.2,6.620606397692015,27.39342986922229
755,20.9,6.6211393047123535,27.400729917285048
756,22.0,6.632528647797702,27.557213211789033
757,21.8,6.629627419335168,27.517267306184312
758,22.4,6.636733647423464,27.615213198525193
759,21.8,6.6293632534374485,27.51363298439521
760,21.5,6.643268764133545,27.70559510279467
761,21.6,6.6377821403111295,27.629694171307797
762,20.3,6.63200177739563,27.54995462791182
763,22.6,6.633581556555148,27.571724646818886
764,21.9,6.627247410278357,27.48454110950372
765,22.3,6.63620898843976,27.607969863791144
766,22.3,6.626452813494395,27.473623714391955
767,21.8,6.65260493153284,27.835229476330888
768,23.3,6.6422260111714895,27.691153822114384
769,21.8,6.648984550024776,27.784887978899608
770,21.9,6.654410218934806,27.860366113890176
771,21.5,6.652863029353347,27.83882181415011
772,21.7,6.663132695990803,27.982137159266443
773,22.3,6.653894755005867,27.853186532244383
774,22.2,6.648207045774128,27.774088643914133
775,22.2,6.650537747334176,27.806474066303338
776,22.4,6.6388295350128,27.64416755845616
777,22.1,6.645610990318195,27.73806049456234
778,22.5,6.654667851294855,27.86395521098898
779,22.9,6.644310430894402,27.720028860013837
780,21.9,6.6564694217216465,27.889065957826553
781,22.4,6.654410218934806,27.860366113890176
782,21.8,6.665938462402306,28.021420377989408
783,21.8,6.660062854746514,27.939219745726614
784,21.5,6.673550780308503,28.128277586798664
785,22.9,6.6689903467649705,28.064212085857676
786,22.3,6.675823221634848,28.160255680657446
787,22.0,6.6689903467649705,28.064212085857676
788,22.3,6.670259221443527,28.082022719170357
789,22.8,6.662366118720607,27.97141397927534
790,22.4,6.668228248417403,28.053520278211074
791,22.0,6.67101977414846,28.092703679069412
792,21.3,6.679850410566217,28.217016142746207
793,21.5,6.679096546979817,28.20638225650358
794,22.8,6.673803528951324,28.131832503411506
795,22.3,6.6697518647609035,28.07489982172688
796,21.4,6.684611727667927,28.284271247461902
797,22.3,6.671526488119272,28.09982206349357
798,22.1,6.67405621372841,28.135386970859315
799,22.1,6.671779748852549,28.10338057956729
800,23.3,6.690345259515688,28.365471968574752
801,23.0,6.695056985529466,28.432375911977527
802,21.6,6.685611228001011,28.29840984931839
803,22.8,6.697774714194209,28.4710379157487
804,21.5,6.700977081754192,28.51666179622012
805,22.2,6.691587341404353,28.383093559370867
806,22.5,6.695056985529466,28.432375911977527
807,22.4,6.6866097303306,28.31254139069822
808,22.4,6.70196036600254,28.53068523537421
809,22.1,6.694066886438683,28.41830396065184
810,22.5,6.695798917058491,28.442925306655784
811,22.9,6.693075806080056,28.40422503783548
812,22.1,6.696046105293591,28.44644090215857
813,22.8,6.698021414577845,28.474550040343043
814,21.6,6.695304357206671,28.43589281172652
815,22.2,6.708816416364745,28.628656971642943
816,22.5,6.693819208418841,28.414784883929702
817,22.2,6.710279474416505,28.649607327151973
818,21.8,6.706128571130177,28.59020811396797
819,22.7,6.7139277820019805,28.701916312330088
820,23.2,6.696293232441765,28.449956063234964
821,22.5,6.7158681173184815,28.72977549512004
822,21.7,6.701222993473124,28.520168302448706
823,22.7,6.720461380561624,28.79583303188154
824,21.5,6.709792026198225,28.642625577973817
825,21.7,6.722389092001957,28.823601440486232
826,21.6,6.721907512411624,28.8166618469246
827,22.4,6.732925587946478,28.97585201508318
828,23.0,6.7071068054952985,28.6041954964652
829,22.6,6.718046503754165,28.76108481959608
830,21.8,6.719978871505218,28.788886744714528
831,22.4,6.728150029682411,28.906746617355612
832,22.2,6.723832440821209,28.844410203711913
833,22.1,6.720702547812281,28.799305547182904
834,21.9,6.727910652063075,28.903287010303863
835,22.3,6.722870439785018,28.830539363667828
836,22.4,6.719254671111467,28.778464170278443
837,22.7,6.727910652063075,28.903287010303863
838,21.3,6.727910652063075,28.903287010303863
839,22.7,6.728389350013815,28.910205810405433
840,23.0,6.731972299027765,28.962044126753206
841,22.3,6.74852505341158,29.202739597510366
842,22.2,6.744530217879171,29.1444677426094
843,22.3,6.746177083326082,29.168476134347504
844,22.2,6.73744134131246,29.041349830887683
845,22.4,6.738389433348399,29.055120030727803
846,22.7,6.745001027680711,29.15132930073687
847,22.5,6.740282925038388,29.082640870457414
848,23.4,6.745706827027738,29.161618610769874
849,22.8,6.746882053394052,29.178759397890786
850,23.3,6.730062990571844,28.934408582170814
851,21.7,6.7464121285733745,29.171904291629644
852,22.5,6.7548371725574246,29.295050776539032
853,22.3,6.758791125842179,29.353023694331732
854,23.0,6.74993119378857,29.223278392404914
855,22.7,6.740046434556028,29.079202189881347
856,22.2,6.731733834736662,28.95859112595086
857,22.6,6.7459419828195335,29.165047574108293
858,22.5,6.738389433348399,29.055120030727803
859,22.3,6.748759547491679,29.206163733020468
860,23.8,6.753671263599422,29.277978072264485
861,22.0,6.752270376141742,29.257477676655586
862,22.5,6.742644758918536,29.11700534052223
863,21.9,6.75855897262001,29.34961669255665
864,21.8,6.767343125265392,29.478805945967352
865,22.0,6.756001723754601,29.312113536898018
866,21.8,6.76365393500788,29.42447960457415
867,22.3,6.771477260689509,29.539803655407056
868,23.1,6.762960694078903,29.414282245195107
869,23.8,6.7566998040621815,29.322346427255784
870,23.2,6.763884908562435,29.427877939124322
871,22.7,6.777874358127617,29.63443942442644
872,23.1,6.779467258680606,29.65805118344764
873,22.1,6.767343125265392,29.478805945967352
874,22.8,6.781511552407887,29.688381565858386
875,23.0,6.78105762593618,29.68164415931166
876,22.5,6.788295838944809,29.78925980953538
877,22.9,6.777874358127617,29.63443942442644
878,22.7,6.770330603070465,29.52287248897031
879,23.8,6.782872096835447,29.708584617918103
880,22.9,6.771706434518861,29.543188724306656
881,22.8,6.779467258680606,29.65805118344764
882,22.7,6.77376663897882,29.57363690857112
883,23.1,6.79346613258001,29.866369046136157
884,22.5,6.801727874336607,29.989998332777546
885,21.1,6.790996718371941,29.829515584400628
886,22.4,6.792119935383212,29.846272799128535
887,22.6,6.79592946379988,29.90317708873089
888,23.3,6.790771923496318,29.826163011691598
889,23.0,6.793017601511714,29.85967179993779
890,22.7,6.7943625916270465,29.879759035172956
891,23.2,6.79592946379988,29.90317708873089
892,21.4,6.795705775173514,29.899832775452108
893,22.5,6.799278802646053,29.953296980466106
894,22.3,6.797047156997715,29.919893047937187
895,22.9,6.78332520060396,29.715315916207253
896,23.0,6.803505257608338,30.01666203960727
897,21.9,6.799947326347832,29.96331089849718
898,22.5,6.79256886917302,29.852973051272464
899,22.3,6.80771392480191,30.079893616833154
900,22.9,6.813004942436327,30.159575593830894
901,22.9,6.80550104494338,30.046630426721727
902,22.2,6.796823718274855,29.916550603303182
903,23.0,6.806608096977179,30.063266622241834
904,22.5,6.810362932973487,30.11976095522672
905,22.6,6.804392765986984,30.029985014981275
906,23.9,6.822415231815122,30.301815127150387
907,23.2,6.808597707448919,30.093188598086446
908,22.4,6.804392765986984,30.029985014981275
909,22.1,6.823286122355687,30.315012782448235
910,23.5,6.821543582163072,30.288611721239388
911,23.5,6.816297668493302,30.209270100417854
912,22.7,6.8191426206255334,30.25227264190246
913,23.5,6.814323334189584,30.1794632159023
914,23.6,6.823286122355687,30.315012782448235
915,22.8,6.810142450115136,30.116440692751194
916,23.4,6.829361211554125,30.407235980930594
917,23.3,6.8239387928890265,30.32490725459849
918,24.0,6.832816192317643,30.45980958574758
919,23.2,6.809260032233038,30.103155980727337
920,22.9,6.811464618663851,30.136356780473648
921,22.9,6.828279077480341,30.390788077968626
922,22.7,6.826328280286408,30.361159398152108
923,22.3,6.821761565815161,30.29191311224829
924,22.9,6.81783057145415,30.23243291566195
925,22.8,6.847792937809454,30.688760157425715
926,23.5,6.82719577112372,30.374331268358816
927,22.7,6.819579588078412,30.258882993263317
928,23.3,6.837976384374221,30.53850029061676
929,23.6,6.8308742346461795,30.430248109405877
930,23.4,6.8439631458943575,30.63005060394122
931,23.4,6.8450284490738325,30.646370095004727
932,22.2,6.849914279292287,30.72132809629167
933,23.2,6.844389403360317,30.63657944353449
934,23.1,6.8424698122835075,30.607188698082023
935,24.1,6.836259277277067,30.512292604784715
936,23.0,6.836688830548277,30.518846636136168
937,23.2,6.8450284490738325,30.646370095004727
938,24.7,6.8435367066554855,30.623520372419627
939,24.3,6.844815479208263,30.643106892089126
940,23.6,6.8347543860976465,30.489342400255207
941,22.9,6.836903538010186,30.522123124055444
942,24.3,6.856882948608381,30.828558188796308
943,23.3,6.8501261661455,30.72458299147443
944,23.0,6.842042735616755,30.600653587791225
945,23.0,6.862548686144057,30.9160152671718
946,23.7,6.8516081183591355,30.74735761004513
947,23.4,6.85919508836676,30.864218765424795
948,23.1,6.8513965453127526,30.744105126023754
949,23.5,6.8581447784288025,30.848014522818158
950,23.4,6.847580555946067,30.68550146241707
951,23.0,6.847792937809454,30.688760157425715
952,23.5,6.8494903708501615,30.714817271147812
953,23.2,6.855619524561608,30.809089567853185
954,23.3,6.855830206117218,30.812335192257013
955,23.8,6.863803391452954,30.93541659651604
956,23.4,6.857093364179909,30.831801763763337
957,23.4,6.866933284461882,30.983866769659336
958,22.8,6.8748187787358725,31.10626946453078
959,22.4,6.873370852120306,31.083757816583248
960,23.7,6.875232087276577,31.11269837220809
961,22.3,6.875232087276577,31.11269837220809
962,23.1,6.8748187787358725,31.10626946453078
963,23.7,6.867766270765774,30.996774025694997
964,24.2,6.870053411798126,31.0322412983658
965,24.3,6.881411303642535,31.20897306865447
966,24.1,6.865265227361185,30.958036113422956
967,24.3,6.8719208259729205,31.06122985330748
968,22.5,6.878738329911644,31.167290546340404
969,23.7,6.866099603713304,30.97095413447897
970,22.5,6.868182503862314,31.003225638633154
971,23.9,6.873370852120306,31.083757816583248
972,23.7,6.882847643275952,31.2313944613429
973,23.9,6.86714159609684,30.98709408770045
974,23.2,6.882027130409406,31.21858420876898
975,23.6,6.8940619518501345,31.40700558792576
976,24.4,6.894467384655202,31.413372948475303
977,22.7,6.86484777797086,30.95157508108432
978,23.6,6.891219310342038,31.36239786751007
979,23.0,6.892235467324101,31.378336475982916
980,22.6,6.886940139268217,31.295367069264422
981,23.8,6.901938393660572,31.530937188735766
982,24.5,6.874198495453294,31.096623610932426
983,23.5,6.903144666424454,31.549960380323775
984,22.7,6.885509670034818,31.272991542223778
985,23.5,6.888980123655803,31.327304384514157
986,23.5,6.894872653151124,31.41973901864877
987,23.3,6.877502235811116,31.148033645801785
988,24.2,6.898512697615204,31.476975712415573
989,23.3,6.893250592779255,31.394266992557736
990,24.2,6.895277757471025,31.426103799230347
991,22.9,6.895075225824763,31.422921570089564
992,23.9,6.906754778648554,31.606961258558215
993,23.2,6.8991180855864735,31.48650504581288
994,23.6,6.896289800872859,31.442010113858814
995,22.7,6.896289800872859,31.442010113858814
996,24.0,6.910950169878657,31.673332631726648
997,24.2,6.910950169878657,31.673332631726648
998,23.9,6.904550148033189,31.572139617073784
999,23.3,6.900529233890397,31.508728949292767
