Initial Size,Experiment Size(N),Experiment Height(h),Sqrt(N)
50,47.6,8.9,6.899275324264136
51,50.0,9.0,7.0710678118654755
52,50.8,9.1,7.127411872482185
53,53.2,9.2,7.293833011524188
54,51.6,9.0,7.183313998427188
55,56.4,10.0,7.5099933422074345
56,54.2,9.4,7.362064927722384
57,58.0,9.0,7.615773105863909
58,58.4,9.8,7.64198926981712
59,60.8,9.0,7.797435475847171
60,58.6,9.2,7.655063683601855
61,62.2,10.1,7.886697661252142
62,61.4,10.3,7.835815209663893
63,61.2,9.7,7.8230428862431785
64,63.0,9.9,7.937253933193772
65,67.4,10.6,8.209750300709517
66,66.8,9.9,8.17312669668102
67,64.6,10.3,8.037412518964047
68,66.8,10.4,8.17312669668102
69,68.0,10.7,8.246211251235321
70,70.0,10.4,8.366600265340756
71,71.6,11.0,8.461678320522472
72,67.8,9.9,8.23407554009556
73,71.2,10.6,8.438009243891594
74,70.8,10.8,8.414273587185052
75,73.6,10.5,8.579044235810887
76,76.4,10.2,8.740709353364863
77,74.8,10.4,8.648699324175862
78,75.8,10.1,8.706319543871567
79,81.0,10.4,9.0
80,82.4,11.0,9.077444574328174
81,79.0,11.0,8.888194417315589
82,84.2,11.4,9.17605579756357
83,81.6,11.2,9.033271832508971
84,81.4,10.4,9.02219485491197
85,86.6,10.7,9.305912099305473
86,84.8,11.2,9.20869154657707
87,87.6,11.6,9.359487165438072
88,84.2,11.5,9.17605579756357
89,84.8,10.6,9.20869154657707
90,85.4,10.7,9.241212041718338
91,94.8,11.4,9.736529155710468
92,89.4,10.8,9.45515732285825
93,94.2,11.4,9.705668446840743
94,94.6,11.4,9.726253132630262
95,92.4,12.2,9.612491872558333
96,95.4,11.2,9.767292357659825
97,98.2,11.0,9.909591313469996
98,97.8,10.8,9.889388252060893
99,99.6,10.7,9.979979959899719
100,98.4,11.2,9.919677414109795
101,101.0,11.0,10.04987562112089
102,104.0,11.1,10.198039027185569
103,99.0,10.7,9.9498743710662
104,101.6,10.9,10.079682534683322
105,105.6,10.7,10.276186062932103
106,111.6,10.9,10.564090116995406
107,107.2,10.6,10.353743284435827
108,103.2,10.7,10.158740079360236
109,110.0,10.9,10.488088481701515
110,108.0,10.7,10.392304845413264
111,110.8,10.6,10.526157893552615
112,115.0,11.0,10.723805294763608
113,108.6,10.8,10.421132376090421
114,115.0,11.1,10.723805294763608
115,114.8,11.4,10.714476188783099
116,112.6,11.5,10.611314715905847
117,120.6,10.8,10.981803130633876
118,116.2,11.7,10.779610382569492
119,117.4,11.2,10.83512805646523
120,115.8,11.0,10.761040841851685
121,122.4,11.8,11.063453348751466
122,119.2,10.8,10.917875251164945
123,128.6,10.8,11.34019400186787
124,121.8,10.5,11.036303729057115
125,124.8,11.3,11.171392035015153
126,126.0,10.2,11.224972160321824
127,127.2,10.9,11.278297743897348
128,128.4,11.3,11.331372379372237
129,133.2,11.0,11.541230437002806
130,129.0,11.3,11.357816691600547
131,127.4,10.9,11.28716084761797
132,131.2,11.3,11.454256850621082
133,129.6,10.9,11.384199576606166
134,129.8,10.9,11.392980294900891
135,130.2,10.9,11.41052146047673
136,134.8,11.7,11.610340218959994
137,140.8,11.4,11.865917579353061
138,135.0,10.8,11.61895003862225
139,140.6,11.0,11.85748708622531
140,142.0,11.3,11.916375287812984
141,138.6,10.8,11.77285012220915
142,140.4,10.9,11.8490505948789
143,139.0,11.2,11.789826122551595
144,148.2,11.1,12.17374223482656
145,140.8,11.2,11.865917579353061
146,145.0,11.5,12.041594578792296
147,151.2,10.9,12.296340919151518
148,145.4,11.7,12.058192235986288
149,149.0,11.7,12.206555615733702
150,147.4,11.3,12.14084016862095
151,148.8,11.8,12.198360545581526
152,150.0,11.6,12.24744871391589
153,154.2,11.7,12.417729261020309
154,154.6,11.0,12.433824833895642
155,153.2,11.4,12.37739875741264
156,152.0,11.1,12.328828005937952
157,157.0,12.8,12.529964086141668
158,162.6,11.8,12.751470503436064
159,157.2,11.9,12.537942414925983
160,154.4,11.7,12.425779653607254
161,158.4,12.1,12.58570617804182
162,161.2,12.0,12.696456198483101
163,158.8,11.4,12.601587201618692
164,159.8,11.9,12.641202474448386
165,168.4,12.3,12.976902558006667
166,164.4,11.8,12.821856339859686
167,167.6,11.8,12.946041866145807
168,165.0,12.3,12.84523257866513
169,166.0,12.1,12.884098726725126
170,166.0,12.6,12.884098726725126
171,170.0,12.8,13.038404810405298
172,171.8,12.8,13.107249902248755
173,168.4,12.2,12.976902558006667
174,172.0,12.1,13.114877048604
175,179.0,12.9,13.379088160259652
176,176.0,13.1,13.2664991614216
177,176.8,12.4,13.29661611087573
178,177.8,13.1,13.334166640626627
179,182.0,12.6,13.490737563232042
180,182.0,12.6,13.490737563232042
181,177.6,13.7,13.326664999166145
182,180.0,12.6,13.416407864998739
183,180.6,12.8,13.438749941865872
184,186.8,12.9,13.66747965061591
185,184.6,13.2,13.586758259423032
186,189.2,13.0,13.754999091239519
187,184.0,13.1,13.564659966250536
188,185.8,12.9,13.63084736911099
189,187.0,13.1,13.674794331177344
190,193.4,13.0,13.906832852953976
191,186.2,14.2,13.64551208273255
192,189.0,13.2,13.74772708486752
193,191.6,13.2,13.841965178398622
194,194.8,12.8,13.957077057894322
195,198.2,13.2,14.078352176302452
196,195.4,13.7,13.978555004005242
197,198.4,12.8,14.085453489327207
198,196.6,13.4,14.021412197064887
199,192.2,13.8,13.863621460498695
200,200.8,13.7,14.170391667134682
201,196.0,13.1,14.0
202,194.8,13.7,13.957077057894322
203,203.6,13.7,14.268847185389575
204,203.0,13.9,14.247806848775006
205,207.0,13.4,14.38749456993816
206,207.2,13.6,14.394443372357264
207,210.4,13.4,14.505171491574997
208,211.8,13.2,14.553350129781116
209,205.2,13.5,14.324803663575986
210,209.6,13.5,14.477568856683085
211,209.4,14.1,14.470659971127786
212,218.8,14.6,14.791889669680478
213,217.8,14.2,14.758048651498612
214,209.4,14.1,14.470659971127786
215,212.4,14.0,14.573949361789344
216,210.4,14.6,14.505171491574997
217,220.4,14.8,14.845874847916509
218,220.8,13.8,14.859340496805368
219,217.4,14.5,14.744490496453244
220,217.6,13.2,14.75127113166862
221,221.0,14.1,14.866068747318506
222,224.8,14.6,14.99333185119305
223,221.4,13.6,14.879516121164693
224,217.8,14.5,14.758048651498612
225,225.0,14.2,15.0
226,219.8,13.8,14.825653442597396
227,227.6,14.1,15.086417732516887
228,223.8,14.8,14.959946523968593
229,236.0,14.1,15.362291495737216
230,233.6,14.0,15.28397853963424
231,225.2,14.8,15.006665185843255
232,231.6,14.6,15.21840990379744
233,227.4,14.5,15.079787796915447
234,233.4,14.8,15.27743433957417
235,236.2,15.0,15.368799562750501
236,236.0,13.9,15.362291495737216
237,235.2,14.8,15.336231610144651
238,237.6,14.7,15.414279094398154
239,242.8,13.7,15.582040944625964
240,233.2,14.4,15.270887335056859
241,249.6,14.6,15.798734126505199
242,245.8,14.9,15.678010077812809
243,239.8,14.9,15.485477067239485
244,239.4,14.9,15.472556349873152
245,249.4,15.0,15.792403236999744
246,246.2,14.9,15.690761613127643
247,243.6,14.9,15.607690412101336
248,247.0,15.2,15.716233645501712
249,246.2,15.7,15.690761613127643
250,248.0,15.0,15.748015748023622
251,254.6,15.0,15.956190021430555
252,259.2,15.2,16.099689437998485
253,256.0,14.7,16.0
254,248.0,16.1,15.748015748023622
255,252.4,15.9,15.8871016865884
256,255.8,14.4,15.993748778819805
257,257.0,14.7,16.0312195418814
258,256.6,14.9,16.01873902652765
259,258.4,14.8,16.074825037928093
260,263.2,14.9,16.2234398325386
261,250.6,14.7,15.830350596243912
262,262.0,14.8,16.186414056238647
263,260.8,14.8,16.14930339054908
264,264.6,14.9,16.26653005407115
265,263.4,15.3,16.229602582934678
266,258.6,15.3,16.081044742180154
267,271.2,15.9,16.46815108019112
268,268.0,15.6,16.3707055437449
269,268.6,15.1,16.389020715100706
270,267.6,15.3,16.358484037342826
271,268.4,16.3,16.382917933017914
272,274.6,15.3,16.57105910918189
273,268.4,15.8,16.382917933017914
274,269.4,15.1,16.413409152275463
275,275.2,15.7,16.589153082662175
276,273.4,15.3,16.53481176185565
277,274.4,15.5,16.565023392678924
278,269.6,15.9,16.419500601419035
279,270.4,16.2,16.443843832875572
280,283.2,15.0,16.828547174370104
281,282.0,15.4,16.792855623746664
282,279.4,15.7,16.715262486721528
283,284.0,16.3,16.852299546352718
284,280.8,16.3,16.75708805252273
285,289.6,15.5,17.017637908946117
286,283.6,16.2,16.84042754801671
287,284.2,16.5,16.858232410309213
288,286.4,15.7,16.923356641044943
289,287.6,16.8,16.95877354056006
290,283.4,16.2,16.834488409215172
291,299.4,16.1,17.30317889868795
292,295.2,16.5,17.181385275931625
293,297.6,16.4,17.25108692227826
294,289.6,16.2,17.017637908946117
295,294.6,16.0,17.16391563717324
296,290.2,15.8,17.035257556021865
297,300.8,15.5,17.34358671094304
298,290.4,16.1,17.041126723312633
299,301.6,15.8,17.36663467687393
300,293.4,16.3,17.128922908344236
301,300.4,16.6,17.332051234634633
302,308.4,16.6,17.561321134812154
303,298.2,16.1,17.268468374467957
304,305.0,16.6,17.46424919657298
305,314.6,16.6,17.73696704625681
306,311.2,17.4,17.640861656959956
307,304.4,16.3,17.44706279005151
308,314.0,16.7,17.72004514666935
309,311.8,16.7,17.6578594399208
310,314.2,16.8,17.725687574816384
311,316.0,17.1,17.776388834631177
312,312.2,16.2,17.66918221084383
313,305.8,16.0,17.487138130637614
314,310.8,17.0,17.62952069683121
315,313.4,16.5,17.703107071923842
316,315.2,16.7,17.75387281693772
317,312.4,16.2,17.67484087622856
318,320.4,16.2,17.899720668211557
319,313.2,16.8,17.69745744450315
320,319.4,16.5,17.871765441612084
321,322.8,17.1,17.966635745180564
322,319.4,16.7,17.871765441612084
323,319.0,17.2,17.86057109949175
324,316.4,16.6,17.787636155487327
325,323.0,16.6,17.97220075561143
326,315.6,16.2,17.765134392961965
327,327.2,16.4,18.088670487352022
328,321.2,16.6,17.92205345377588
329,330.2,16.3,18.171406109599772
330,330.2,16.7,18.171406109599772
331,336.8,16.6,18.35211159512714
332,333.4,17.1,18.259244234085923
333,328.6,17.2,18.127327436773463
334,317.8,15.5,17.826945896591486
335,334.6,16.9,18.29207478663916
336,327.2,17.2,18.088670487352022
337,338.6,17.0,18.40108692441835
338,337.2,17.2,18.36300628982085
339,338.6,17.4,18.40108692441835
340,329.6,16.4,18.15488914865635
341,339.2,17.2,18.41738309315414
342,338.6,16.3,18.40108692441835
343,344.4,17.2,18.558017135459274
344,341.6,17.1,18.482424083436676
345,338.0,17.1,18.384776310850235
346,340.4,16.5,18.4499322491981
347,352.6,17.3,18.777646284878198
348,342.4,16.7,18.504053609952603
349,348.6,17.5,18.670832868407345
350,351.6,17.5,18.750999973334757
351,356.8,16.8,18.88915032498815
352,361.4,17.4,19.01052340152685
353,353.2,17.1,18.793615937333612
354,355.2,17.4,18.846750383023593
355,356.4,17.2,18.878559267062727
356,356.0,17.0,18.867962264113206
357,353.6,17.3,18.804254837669053
358,358.8,16.4,18.94201678808252
359,363.2,18.1,19.05780679931455
360,368.2,17.5,19.188538245525635
361,363.0,17.0,19.05255888325765
362,361.6,17.5,19.01578291840754
363,357.8,17.2,18.915602025840997
364,367.4,17.8,19.16768113257313
365,362.6,17.6,19.042058712229622
366,352.4,15.8,18.772320048411704
367,370.0,16.7,19.235384061671343
368,368.2,18.0,19.188538245525635
369,366.4,18.0,19.14157778240864
370,370.2,17.5,19.24058211177614
371,368.4,17.6,19.193748982416125
372,372.6,18.2,19.302849530574495
373,366.0,17.0,19.131126469708992
374,375.2,17.2,19.3700800204852
375,369.0,17.1,19.209372712298546
376,372.6,17.6,19.302849530574495
377,368.2,17.9,19.188538245525635
378,371.8,17.3,19.282116066448722
379,377.4,17.6,19.426785632214095
380,381.2,17.3,19.524343778985248
381,378.8,17.6,19.462785001124583
382,385.2,16.6,19.62651268055535
383,383.8,17.2,19.590814173994914
384,389.4,17.7,19.733220720399395
385,388.0,18.1,19.697715603592208
386,384.0,17.6,19.595917942265423
387,386.0,17.0,19.6468827043885
388,388.0,17.5,19.697715603592208
389,392.6,17.8,19.81413636775522
390,387.8,17.9,19.692638218379983
391,389.0,17.5,19.72308292331602
392,389.2,17.8,19.72815247305231
393,386.8,17.6,19.667231630303235
394,391.4,17.4,19.78383178254405
395,398.8,17.3,19.969977466186585
396,385.8,18.4,19.64179217892298
397,398.4,17.6,19.959959919799438
398,399.6,18.2,19.98999749874922
399,396.8,18.2,19.91983935678197
400,401.6,17.7,20.039960079800558
401,392.6,17.7,19.81413636775522
402,402.0,18.0,20.049937655763422
403,398.4,18.8,19.959959919799438
404,403.2,18.2,20.079840636817814
405,402.0,18.9,20.049937655763422
406,410.8,18.1,20.268201696253172
407,407.8,18.1,20.19405853215247
408,401.0,18.3,20.024984394500787
409,404.4,18.6,20.109699152399074
410,404.6,18.8,20.114671262538696
411,415.2,17.8,20.376457003120045
412,414.6,18.1,20.361728806759018
413,405.0,18.2,20.12461179749811
414,421.8,17.8,20.537770083434083
415,407.2,18.0,20.1791972090071
416,424.2,18.9,20.59611613872868
417,416.6,18.2,20.410781464706343
418,424.0,18.5,20.591260281974
419,420.2,18.1,20.498780451529306
420,407.6,18.4,20.189105973271822
421,419.4,18.4,20.479257799051215
422,418.6,18.0,20.459716518075222
423,425.4,18.0,20.625227271475094
424,424.8,17.9,20.610676844781203
425,429.4,18.9,20.721969018411354
426,441.2,18.6,21.004761364985796
427,430.6,18.1,20.75090359478353
428,429.4,17.4,20.721969018411354
429,429.2,17.4,20.717142660125695
430,434.8,18.4,20.851858430365386
431,427.6,18.6,20.67849124090053
432,429.8,18.4,20.731618364228105
433,425.4,18.7,20.625227271475094
434,440.2,17.8,20.98094373473224
435,430.0,17.5,20.73644135332772
436,435.2,18.2,20.861447696648476
437,433.8,18.0,20.827865949251738
438,438.8,18.3,20.94755355644186
439,446.4,18.4,21.12818023399081
440,447.0,18.5,21.142374511865974
441,446.4,18.3,21.12818023399081
442,441.6,19.1,21.014280858501916
443,439.2,19.0,20.957099035887577
444,446.4,18.6,21.12818023399081
445,445.8,18.2,21.113976413740733
446,430.6,18.7,20.75090359478353
447,447.0,17.8,21.142374511865974
448,447.4,18.7,21.151832071950647
449,450.4,18.0,21.222629431811693
450,446.2,18.5,21.123446688454987
451,451.0,18.9,21.236760581595302
452,449.4,18.4,21.19905658278217
453,453.4,18.7,21.29319140006965
454,450.6,18.5,21.227340860315028
455,455.8,18.8,21.349473061413015
456,457.6,18.6,21.3915871313935
457,459.0,18.9,21.42428528562855
458,458.6,19.0,21.41494805036893
459,462.0,18.1,21.494185260204677
460,460.6,20.2,21.461593603458248
461,459.2,19.3,21.428952377566198
462,468.2,19.8,21.63792966066763
463,461.4,18.3,21.48022346252478
464,452.8,19.2,21.279097725232617
465,459.2,19.1,21.428952377566198
466,467.2,19.4,21.614809737770074
467,465.2,19.0,21.568495543268657
468,464.4,19.5,21.549941995281564
469,465.8,18.1,21.582400237230335
470,466.2,19.1,21.5916650585359
471,476.4,19.4,21.82658928921328
472,469.0,19.0,21.656407827707714
473,473.0,18.8,21.748563170931547
474,466.6,18.1,21.60092590608097
475,478.4,18.6,21.872356983187704
476,478.6,18.8,21.876928486421487
477,471.0,18.6,21.702534414210707
478,478.0,18.9,21.863211109075447
479,476.6,18.7,21.831170376322017
480,481.8,18.3,21.949943052317927
481,480.8,18.7,21.927152117865194
482,475.2,19.4,21.79908254950194
483,475.2,18.9,21.79908254950194
484,484.4,19.6,22.009089031579656
485,484.0,18.9,22.0
486,490.2,20.0,22.140460699813815
487,479.2,19.1,21.890637268019404
488,485.0,18.7,22.02271554554524
489,484.6,18.7,22.013632140108093
490,485.2,19.8,22.027255843613386
491,491.6,18.0,22.172054483064937
492,480.6,18.8,21.922591087734133
493,492.8,19.3,22.199099080818574
494,497.0,18.5,22.293496809607955
495,489.6,18.5,22.126906697502932
496,494.2,18.9,22.230609528305784
497,504.2,19.6,22.454398232862978
498,500.2,20.4,22.36515146382872
499,503.4,18.9,22.436577279077127
500,501.8,19.0,22.400892839349062
501,510.2,19.4,22.58760722166029
502,506.6,19.1,22.507776433935007
503,505.4,19.4,22.48110317577854
504,504.6,19.3,22.463303408003018
505,504.2,19.3,22.454398232862978
506,504.8,19.2,22.46775467197379
507,512.0,19.3,22.627416997969522
508,515.6,20.0,22.706827167175955
509,508.0,19.6,22.538855339169288
510,516.0,19.2,22.715633383201094
511,520.2,19.6,22.807893370497855
512,507.8,19.5,22.53441811984503
513,515.2,19.9,22.698017534577772
514,522.4,19.4,22.856071403458643
515,517.8,19.1,22.755219181541626
516,517.8,20.2,22.755219181541626
517,507.8,18.9,22.53441811984503
518,501.6,19.0,22.39642828667107
519,524.8,19.3,22.908513701242164
520,520.0,19.7,22.80350850198276
521,523.8,19.3,22.88667734731278
522,534.8,19.8,23.125743231299616
523,522.2,19.6,22.851695779525862
524,509.6,19.8,22.57432169523594
525,530.8,19.4,23.03909720453473
526,522.0,19.9,22.847319317591726
527,516.2,18.8,22.720035211240322
528,530.6,19.9,23.034756347745464
529,529.8,19.8,23.017384734152575
530,523.6,18.8,22.882307575941724
531,531.2,19.1,23.047776465420693
532,522.8,20.4,22.86482013924448
533,526.8,18.5,22.952124084711635
534,531.0,18.9,23.043437243605826
535,543.8,19.9,23.31951972061174
536,544.4,19.8,23.332380932943813
537,533.4,19.6,23.095454098155333
538,539.6,20.0,23.22929185317538
539,528.2,20.2,22.98260211551338
540,542.0,20.2,23.280893453645632
541,541.8,20.0,23.276597689524987
542,539.0,19.6,23.2163735324878
543,540.0,19.9,23.2379000772445
544,546.2,19.2,23.370922104187503
545,536.8,19.3,23.16894473211933
546,545.2,20.0,23.34951819631403
547,547.2,20.3,23.392306427541513
548,544.2,20.0,23.32809465001375
549,542.6,19.9,23.293775992741065
550,552.4,19.7,23.50319127267614
551,552.0,19.9,23.49468024894146
552,545.6,18.9,23.358082113050294
553,550.6,19.8,23.46486735526114
554,552.8,19.6,23.51169921549695
555,556.2,19.2,23.583892808440257
556,561.6,20.4,23.6981011897578
557,554.2,19.8,23.54145280138845
558,554.4,19.9,23.5457002444183
559,561.6,19.2,23.6981011897578
560,557.6,20.2,23.613555429032708
561,565.0,19.6,23.769728648009426
562,569.2,20.8,23.85791273351464
563,562.0,20.9,23.706539182259394
564,556.2,19.7,23.583892808440257
565,565.2,19.8,23.77393530739074
566,566.4,20.2,23.799159649029626
567,573.0,20.8,23.93741840717165
568,568.2,19.9,23.836946113124476
569,570.6,20.7,23.88723508487326
570,569.6,20.3,23.866294224282075
571,574.2,20.5,23.96247065725903
572,567.6,19.3,23.82435728409058
573,560.4,20.0,23.672769166280485
574,585.0,19.2,24.186773244895647
575,574.8,21.0,23.97498696558561
576,575.8,19.4,23.99583297158071
577,582.4,19.7,24.13296500639737
578,582.0,20.3,24.124676163629637
579,578.4,19.9,24.04994802489186
580,564.4,20.4,23.757104200638594
581,577.6,19.4,24.033310217279684
582,585.2,20.3,24.190907382733705
583,583.4,20.1,24.153674668671016
584,583.6,19.2,24.157814470684222
585,574.8,20.3,23.97498696558561
586,593.6,20.7,24.363907732545698
587,590.4,19.6,24.298148077579903
588,590.0,20.9,24.289915602982237
589,586.2,20.6,24.21156748333325
590,589.2,19.8,24.273442277518036
591,591.4,22.0,24.318717071424636
592,590.4,19.9,24.298148077579903
593,594.8,19.4,24.38852189043034
594,599.4,19.8,24.482646915723798
595,588.2,20.6,24.252834885843757
596,591.8,20.0,24.326939799325356
597,603.8,20.1,24.57234217570641
598,594.8,20.1,24.38852189043034
599,598.4,20.6,24.462215762273047
600,596.8,20.0,24.42949037536395
601,607.4,20.8,24.645486402179202
602,607.8,21.0,24.653600142778334
603,601.2,19.6,24.51938009004306
604,607.4,20.1,24.645486402179202
605,607.2,20.8,24.641428530018302
606,606.2,20.9,24.621129137389293
607,617.6,20.0,24.851559307214508
608,608.4,19.2,24.66576574931336
609,607.0,19.7,24.63736998950984
610,602.8,19.5,24.551985663078252
611,618.6,21.0,24.87167063146342
612,614.6,20.6,24.791127445116327
613,607.2,20.4,24.641428530018302
614,610.4,20.7,24.706274506691614
615,614.8,21.5,24.795160818191924
616,614.6,20.2,24.791127445116327
617,618.0,20.6,24.859605789312106
618,609.2,21.1,24.68197723035981
619,616.0,19.9,24.819347291981714
620,614.0,21.3,24.779023386727733
621,621.8,19.9,24.935917869611295
622,619.0,19.6,24.879710609249457
623,617.0,20.6,24.839484696748443
624,620.0,20.7,24.899799195977465
625,618.0,21.4,24.859605789312106
626,627.8,20.5,25.055937420100648
627,625.2,19.7,25.00399968005119
628,631.6,19.6,25.13165334791963
629,623.6,20.2,24.971984302413777
630,623.4,20.4,24.96797949374358
631,625.6,20.5,25.011997121381572
632,633.4,20.3,25.167439281738616
633,628.0,21.0,25.059928172283335
634,627.4,20.7,25.047954008261833
635,633.6,21.7,25.17141235608364
636,625.6,20.8,25.011997121381572
637,630.8,20.8,25.115732121520963
638,639.4,20.7,25.28635995947222
639,632.6,20.8,25.151540708274712
640,638.2,20.8,25.262620608321697
641,639.6,21.1,25.29031435154573
642,642.0,21.3,25.337718918639855
643,649.2,20.7,25.479403446705735
644,647.8,20.9,25.451915448547286
645,652.8,20.3,25.5499510762741
646,650.2,21.0,25.499019588995967
647,641.6,21.1,25.3298243183801
648,644.2,20.4,25.381095327034252
649,649.4,21.0,25.483327883147442
650,645.2,21.3,25.400787389370432
651,654.2,20.4,25.577333715616255
652,660.2,20.9,25.694357357209775
653,642.2,21.8,25.341665296503308
654,651.4,20.5,25.522539058643833
655,659.6,21.2,25.682678987987217
656,660.4,20.8,25.69824896758532
657,650.6,21.0,25.5068618218706
658,659.4,21.4,25.678785017987124
659,658.2,20.9,25.65540878645281
660,656.2,21.0,25.616400996236766
661,673.0,20.9,25.942243542145693
662,664.6,21.7,25.779837082495305
663,667.4,21.8,25.834086010540414
664,669.8,21.7,25.880494585691363
665,662.4,20.9,25.73713270743266
666,663.0,20.6,25.748786379167466
667,681.2,21.7,26.099808428415717
668,664.8,19.8,25.78371579117331
669,672.8,21.5,25.93838853899756
670,668.2,20.7,25.849564793241687
671,673.8,21.1,25.957657829627077
672,671.8,21.4,25.919104922817066
673,666.2,21.4,25.810850431553007
674,666.6,21.6,25.818597947990902
675,678.2,20.9,26.042273326267047
676,671.6,21.0,25.915246477701114
677,680.8,21.5,26.092144411680692
678,686.4,20.9,26.199236630100504
679,673.6,20.9,25.953805116013335
680,679.4,21.0,26.065302607105867
681,671.8,20.4,25.919104922817066
682,680.4,20.8,26.084478143140988
683,684.2,20.8,26.157216977346806
684,689.2,20.5,26.252618916976648
685,673.6,21.3,25.953805116013335
686,687.0,20.8,26.210684844162312
687,684.2,21.4,26.157216977346806
688,682.8,21.1,26.130442016927304
689,685.6,21.1,26.183964558485027
690,682.2,21.7,26.1189586316147
691,692.6,21.5,26.317294693794043
692,696.4,21.0,26.38939180807318
693,696.2,21.8,26.385602134497518
694,697.4,20.6,26.408332018512642
695,696.0,21.2,26.38181191654584
696,690.2,21.4,26.27165773224065
697,687.6,20.9,26.22212806009459
698,700.4,21.7,26.465071320516028
699,704.8,20.4,26.548069609672186
700,691.4,22.2,26.29448611401257
701,695.2,21.1,26.366645596283195
702,696.6,21.2,26.393180937507324
703,702.8,20.8,26.510375327407193
704,696.0,20.8,26.38181191654584
705,693.6,21.2,26.336286754210434
706,714.4,21.1,26.72826219566098
707,709.2,21.0,26.630809225406576
708,709.6,21.9,26.63831826523589
709,701.4,20.8,26.48395740821224
710,704.4,20.8,26.540535036053814
711,713.6,21.3,26.7132925713024
712,712.2,21.5,26.68707552355634
713,715.0,21.1,26.739483914241877
714,718.0,20.9,26.795522013948524
715,718.2,21.3,26.799253720952755
716,718.8,20.8,26.81044572550035
717,716.4,21.6,26.765649627834552
718,722.6,22.5,26.881220210399675
719,732.4,21.5,27.062889720057612
720,717.0,22.1,26.77685567799177
721,707.6,21.0,26.600751869073175
722,713.4,21.2,26.709548854295537
723,720.0,22.6,26.832815729997478
724,725.6,22.1,26.93696345173301
725,734.6,21.5,27.10350530835449
726,723.6,21.5,26.899814125751874
727,730.6,21.6,27.029613389761977
728,730.2,22.1,27.022213084793776
729,722.0,21.7,26.870057685088806
730,723.0,21.0,26.888659319497503
731,730.2,21.5,27.022213084793776
732,725.2,22.3,26.929537686339884
733,729.4,21.4,27.00740639158081
734,736.8,20.6,27.144060123717676
735,734.8,21.7,27.10719461692781
736,738.8,23.1,27.18087562975115
737,735.4,21.2,27.11825953117198
738,736.0,22.2,27.129319932501073
739,738.0,22.4,27.16615541441225
740,744.8,21.5,27.2910241654651
741,750.0,21.9,27.386127875258307
742,745.0,21.5,27.294688127912362
743,732.0,21.8,27.055498516937366
744,738.4,21.7,27.173516518846064
745,746.2,21.9,27.316661582265137
746,750.8,21.4,27.400729917285048
747,754.8,22.3,27.473623714391955
748,749.8,21.7,27.382476148076893
749,737.0,22.0,27.147743920996454
750,753.0,21.1,27.440845468024488
751,754.4,21.0,27.46634304016463
752,743.4,21.7,27.26536264200423
753,757.4,21.3,27.520901148036558
754,758.2,22.3,27.535431719876847
755,752.2,22.6,27.426264783962107
756,757.4,21.9,27.520901148036558
757,753.6,21.1,27.451775898837585
758,761.6,22.5,27.597101297056543
759,760.2,22.1,27.571724646818886
760,771.6,20.8,27.777688888746667
761,761.0,21.7,27.586228448267445
762,765.6,21.9,27.66947776883402
763,755.6,22.1,27.488179277645873
764,760.0,21.8,27.568097504180443
765,759.4,21.5,27.557213211789033
766,760.8,21.7,27.5826032128949
767,762.0,22.9,27.60434748368452
768,765.4,22.1,27.66586344215557
769,773.0,21.7,27.80287754891569
770,767.8,22.1,27.709204246964582
771,771.2,22.5,27.77048793233565
772,780.0,22.0,27.92848008753788
773,758.0,22.3,27.53179979587241
774,772.8,23.6,27.799280566230486
775,776.4,21.6,27.86395521098898
776,779.0,22.6,27.910571473905726
777,777.4,21.9,27.88189376638538
778,781.0,21.8,27.94637722496424
779,790.0,22.3,28.106938645110393
780,781.6,22.1,27.957110008010485
781,767.2,22.1,27.698375403622503
782,788.0,21.9,28.071337695236398
783,784.2,21.6,28.003571200830798
784,779.2,21.6,27.914154115788644
785,794.0,22.3,28.178005607210743
786,779.6,21.8,27.92131802046601
787,781.2,22.1,27.949955277245078
788,785.6,21.5,28.02855686616776
789,784.2,22.6,28.003571200830798
790,785.8,20.9,28.032124428947586
791,796.0,21.9,28.21347195933177
792,790.0,22.1,28.106938645110393
793,796.2,22.8,28.217016142746207
794,780.0,21.5,27.92848008753788
795,795.6,21.5,28.20638225650358
796,805.6,22.3,28.383093559370867
797,790.2,22.6,28.11049626029395
798,789.8,22.3,28.10338057956729
799,791.0,21.9,28.124722220850465
800,794.6,22.2,28.188650198262422
801,795.4,21.7,28.20283673675398
802,814.2,21.0,28.53419001829209
803,806.8,21.5,28.40422503783548
804,792.8,22.4,28.156704352604905
805,803.6,22.9,28.347839423843222
806,819.0,22.6,28.61817604250837
807,810.0,22.7,28.460498941515414
808,807.2,22.0,28.411265371327623
809,808.6,21.9,28.43589281172652
810,810.8,23.1,28.474550040343043
811,808.8,22.1,28.439409276565502
812,818.2,22.0,28.6041954964652
813,803.4,22.5,28.34431159862592
814,823.0,22.3,28.687976575562104
815,817.2,23.3,28.58671019897183
816,804.6,22.0,28.365471968574752
817,821.6,24.0,28.66356572375461
818,815.0,22.4,28.548204847240395
819,814.0,23.8,28.53068523537421
820,812.4,22.0,28.50263145746371
821,817.8,22.1,28.597202660400196
822,819.4,22.3,28.62516375499012
823,824.6,22.7,28.715849282234366
824,819.8,21.4,28.63214976211182
825,821.4,22.1,28.660076761934885
826,823.6,22.0,28.698432012916665
827,833.0,21.8,28.861739379323623
828,827.8,21.7,28.771513689759182
829,834.0,22.4,28.879058156387302
830,836.4,22.0,28.92058090702882
831,831.4,22.0,28.83400769924292
832,835.6,22.2,28.906746617355612
833,834.8,22.7,28.892905703649813
834,829.2,22.1,28.79583303188154
835,840.6,22.0,28.993102628038965
836,838.8,22.5,28.962044126753206
837,839.8,21.6,28.979302959181055
838,836.6,21.5,28.924038445555972
839,835.4,22.2,28.903287010303863
840,831.0,22.1,28.827070610799147
841,840.6,22.3,28.993102628038965
842,843.2,22.1,29.03790626061046
843,841.6,22.8,29.010342983149993
844,846.2,21.7,29.089517012147176
845,847.4,22.9,29.110135691885738
846,845.6,21.7,29.079202189881347
847,849.8,23.0,29.15132930073687
848,847.2,22.6,29.10670025956223
849,850.2,22.5,29.158189244190044
850,860.2,22.0,29.329166370696594
851,842.0,23.4,29.017236257093817
852,855.8,22.8,29.254059547351712
853,853.8,22.1,29.219856262480143
854,847.4,23.4,29.110135691885738
855,856.4,22.3,29.264312737530673
856,852.8,22.3,29.202739597510366
857,852.6,23.0,29.199315060459895
858,845.4,22.1,29.075763102625526
859,860.6,21.8,29.335984728657056
860,859.2,22.1,29.312113536898018
861,867.8,22.5,29.45844530860378
862,856.4,22.5,29.264312737530673
863,861.6,22.0,29.353023694331732
864,863.6,23.2,29.3870719875254
865,866.6,23.4,29.438070588949948
866,870.2,21.9,29.499152530199915
867,871.0,22.3,29.512709126747414
868,853.2,22.3,29.209587467131406
869,869.0,23.1,29.478805945967352
870,870.2,21.9,29.499152530199915
871,868.8,23.7,29.475413483104862
872,858.8,23.0,29.305289624912426
873,870.8,23.4,29.50932056147684
874,873.4,22.6,29.55334160463077
875,880.0,23.4,29.664793948382652
876,881.2,23.3,29.68501305372797
877,864.6,21.7,29.404081349363732
878,874.0,22.0,29.563490998188964
879,876.8,22.3,29.610808837314796
880,882.4,22.0,29.70521839677332
881,875.8,22.8,29.593918294136042
882,881.8,22.3,29.695117443781896
883,873.6,22.9,29.556725123057866
884,872.0,23.2,29.5296461204668
885,879.6,22.8,29.65805118344764
886,888.6,22.3,29.809394492340832
887,886.2,23.1,29.7691115084075
888,878.0,22.8,29.631064780058107
889,888.2,22.8,29.802684442848435
890,891.6,23.6,29.85967179993779
891,898.6,23.3,29.97665758552811
892,886.0,22.2,29.765752132274432
893,897.4,22.5,29.95663532508282
894,890.0,23.2,29.832867780352597
895,891.0,23.0,29.8496231131986
896,888.4,23.6,29.80603965641863
897,896.8,23.5,29.946619174791667
898,891.8,23.3,29.863020610782158
899,905.8,22.9,30.09651142574501
900,898.4,22.6,29.97332147093478
901,904.0,22.9,30.066592756745816
902,912.6,22.4,30.209270100417854
903,887.6,22.8,29.792616534973895
904,913.8,23.2,30.22912502868715
905,908.0,23.5,30.133038346638727
906,901.6,23.5,30.026654825338102
907,921.4,22.9,30.35457131965464
908,908.0,22.4,30.133038346638727
909,906.2,22.2,30.103155980727337
910,917.2,23.6,30.28530997034701
911,901.0,22.4,30.01666203960727
912,908.2,22.2,30.136356780473648
913,919.4,23.0,30.32160945596391
914,920.8,22.6,30.34468652004828
915,917.8,23.0,30.29521414349138
916,911.2,24.6,30.18608951156145
917,910.8,23.3,30.1794632159023
918,924.2,23.2,30.400657887618156
919,917.4,24.1,30.288611721239388
920,920.0,23.6,30.331501776206203
921,923.6,22.8,30.390788077968626
922,932.6,23.7,30.53850029061676
923,918.8,23.2,30.31171390733292
924,913.0,23.2,30.215889859476256
925,916.0,23.7,30.265491900843113
926,923.6,22.9,30.390788077968626
927,935.0,23.7,30.577769702841312
928,934.0,22.7,30.56141357987225
929,931.0,22.9,30.512292604784715
930,915.8,23.2,30.262187627466723
931,918.6,24.4,30.308414673156364
932,939.8,22.7,30.65615761963655
933,936.6,23.4,30.603921317373693
934,923.6,23.8,30.390788077968626
935,936.4,22.8,30.600653587791225
936,928.6,23.4,30.47293881462699
937,932.2,23.4,30.53195047814666
938,951.8,22.8,30.851256052225814
939,937.6,21.9,30.62025473440742
940,938.4,24.1,30.633315197673266
941,938.0,23.8,30.62678566222711
942,943.8,23.8,30.72132809629167
943,937.2,23.4,30.61372241332308
944,953.2,22.6,30.873937228672343
945,952.8,23.5,30.867458593152758
946,940.4,23.1,30.665942020423895
947,948.4,23.9,30.796103649650227
948,964.0,24.0,31.04834939252005
949,949.4,22.9,30.812335192257013
950,946.8,22.7,30.770115371899404
951,948.6,23.5,30.799350642505438
952,950.6,24.0,30.831801763763337
953,951.6,23.6,30.848014522818158
954,962.0,22.6,31.016124838541646
955,956.4,22.9,30.925717453278267
956,958.6,22.9,30.961266123981428
957,959.8,23.4,30.980639115421745
958,952.0,23.8,30.854497241083024
959,966.0,23.5,31.080540535840107
960,965.8,23.1,31.077322922027886
961,958.6,23.0,30.961266123981428
962,959.2,23.4,30.97095413447897
963,962.4,23.2,31.02257242718598
964,960.4,23.2,30.99032106965012
965,965.4,23.4,31.070886694782303
966,958.8,23.8,30.964495797606652
967,973.0,24.2,31.192947920964443
968,965.2,23.0,31.06766808114185
969,951.4,22.3,30.844772652752685
970,964.8,23.3,31.06122985330748
971,963.8,23.1,31.045128442317644
972,975.8,22.7,31.23779761762983
973,967.2,23.7,31.099839227880263
974,971.6,23.1,31.17049887313323
975,966.6,23.9,31.090191379275876
976,966.2,23.3,31.083757816583248
977,980.6,23.5,31.314533367112467
978,980.2,23.5,31.30814590485997
979,975.6,22.7,31.234596203568888
980,963.2,22.0,31.035463586033316
981,984.8,23.7,31.381523226255286
982,975.4,23.5,31.2313944613429
983,982.4,24.0,31.34326083865557
984,980.4,23.6,31.311339798865202
985,989.2,23.4,31.45155004129367
986,984.6,24.0,31.378336475982916
987,981.4,23.4,31.327304384514157
988,1003.0,23.2,31.670175244226233
989,980.2,24.2,31.30814590485997
990,986.6,23.7,31.410189429546584
991,987.0,23.7,31.416556144810016
992,981.8,23.8,31.333687941255814
993,998.8,23.8,31.60379724020517
994,997.0,22.6,31.575306807693888
995,985.4,23.0,31.391081536003185
996,984.8,24.1,31.381523226255286
997,997.6,24.6,31.58480647399949
998,998.6,23.9,31.60063290505429
999,993.0,22.8,31.51190251317746
1000,994.4,24.6,31.534108517603602
